0,6431
1,24298
2,15415
3,14389
4,5357
5,16081
6,25806
7,4892
8,12290
9,17502
10,19126
11,16508
12,4241
13,6952
14,2167
15,1294
16,2542
17,10935
18,1159
19,2690
20,2151
21,2549
22,1292
23,1731
24,1792
25,583
26,716
27,933
28,145
29,287
30,1083
31,1149
32,504
33,1842
34,26192
35,673
36,250
37,111
38,119
39,1480
40,864
41,1333
42,908
43,369
44,417
45,339
46,10243
47,163
48,228
49,223
50,570
51,323
52,147
53,73
54,142
55,984
56,63
57,190
58,127
59,60
60,227
61,59
62,208
63,107
64,104
65,51
66,145
67,91
68,210
69,112
70,176
71,73
72,39
73,221
74,97
75,163
76,116
77,112
78,32
79,34
80,261
81,79
82,26
83,27
84,25
85,26
86,27
87,26
88,21
89,22
90,21
91,90
92,20
93,18
94,19
95,18
96,19
97,36
98,19
99,38
100,18
101,14
102,17
103,17
104,17
105,15
106,14
107,15
108,12
109,14
110,28
111,14
112,12
113,13
114,35
115,11
116,23
117,22
118,11
119,19
120,12
121,11
122,616
123,26624
124,13016
125,7193
126,25974
127,20922
128,13347
129,6605
130,6409
131,8336
132,1484
133,5292
134,9281
135,21491
136,10604
137,5920
138,13026
139,552
140,651
141,604
142,22090
143,8859
144,12673
145,440
146,2956
147,14668
148,1250
149,600
150,1869
151,982
152,339
153,89
154,419
155,518
156,509
157,219
158,564
159,313
160,425
161,465
162,199
163,53
164,1964
165,162
166,41
167,33
168,332
169,569
170,200
171,219
172,94
173,63
174,86
175,52
176,115
177,22
178,102
179,79
180,67
181,43
182,38
183,74
184,52
185,52
186,16
187,46
188,49
189,7538
190,12549
191,34601
192,611
193,9932
194,2289
195,5904
196,784
197,8394
198,1186
199,798
200,10206
201,6479
202,1107
203,11268
204,3005
205,117
206,2632
207,687
208,495
209,563
210,782
211,2054
212,364
213,278
214,91
215,4488
216,299
217,121
218,433
219,111
220,55
221,158
222,305
223,92
224,259
225,195
226,125
227,479
228,673
229,37
230,37
231,67
232,129
233,30
234,55
235,25
236,29
237,28
238,27
239,29
240,148
241,23
242,23
243,118
244,21
245,20
246,39
247,39
248,82
249,94
250,19
251,16
252,16
253,15
254,15
255,14
256,14
257,14
258,48
259,90
260,14
261,13
262,13
263,24
264,6433
265,3612
266,44578
267,17790
268,30518
269,22168
270,38147
271,14444
272,8198
273,5725
274,9297
275,4548
276,14226
277,23839
278,21757
279,5861
280,5230
281,13364
282,13424
283,7078
284,8977
285,9386
286,8811
287,3841
288,2151
289,620
290,2731
291,27671
292,20544
293,1265
294,958
295,5535
296,642
297,1143
298,15082
299,14896
300,523
301,428
302,1078
303,2950
304,1044
305,4009
306,265
307,685
308,744
309,465
310,653
311,1057
312,214
313,70
314,968
315,137
316,454
317,64
318,193
319,97
320,98
321,100
322,211
323,51
324,238
325,89
326,117
327,81
328,78
329,129
330,108
331,289
332,99
333,31
334,1214
335,1376
336,1257
337,9862
338,12330
339,4181
340,2319
341,1404
342,2528
343,9223
344,2816
345,9136
346,2613
347,7055
348,59628
349,12870
350,19516
351,5942
352,9857
353,560
354,552
355,3424
356,5234
357,9740
358,33682
359,17592
360,10454
361,19797
362,10793
363,30552
364,3818
365,26582
366,41349
367,3893
368,26956
369,8024
370,1815
371,953
372,3170
373,19510
374,5326
375,509
376,12314
377,10149
378,14950
379,10519
380,5542
381,30577
382,10017
383,5993
384,13937
385,7535
386,4805
387,16141
388,686
389,6831
390,4529
391,6303
392,872
393,2544
394,11683
395,9817
396,2414
397,13844
398,1044
399,8786
400,5328
401,8882
402,6656
403,1503
404,4350
405,211
406,772
407,5151
408,1269
409,13641
410,25302
411,4898
412,9107
413,8273
414,874
415,40749
416,14384
417,4184
418,1259
419,525
420,7602
421,4955
422,345
423,32635
424,25402
425,827
426,453
427,150
428,923
429,4474
430,1013
431,2814
432,12251
433,143
434,843
435,396
436,2119
437,384
438,266
439,879
440,262
441,1912
442,668
443,939
444,341
445,337
446,118
447,122
448,423
449,330
450,330
451,109
452,221
453,219
454,102
455,472
456,469
457,102
458,456
459,284
460,13187
461,438
462,97
463,278
464,355
465,358
466,356
467,483
468,91
469,92
470,335
471,259
472,256
473,396
474,177
475,87
476,163
477,82
478,81
479,81
480,163
481,153
482,79
483,81
484,378
485,733
486,69
487,70
488,202
489,464
490,588
491,63
492,63
493,66
494,296
495,1105
496,1111
497,582
498,977
499,4139
500,2263
501,6799
502,1622
503,15708
504,4399
505,9153
506,4527
507,23554
508,8344
509,30661
510,290
511,3804
512,15753
513,15815
514,10418
515,14269
516,783
517,19992
518,530
519,5215
520,4913
521,257
522,3825
523,3845
524,19255
525,4704
526,11137
527,46485
528,7505
529,20648
530,13930
531,1976
532,6486
533,4856
534,2892
535,6637
536,644
537,14272
538,622
539,16653
540,8167
541,9239
542,21035
543,1954
544,5309
545,3145
546,1019
547,191
548,984
549,1250
550,166
551,751
552,3358
553,157
554,708
555,21308
556,752
557,407
558,723
559,140
560,9333
561,4049
562,133
563,1265
564,124
565,121
566,236
567,339
568,10225
569,120
570,112
571,225
572,506
573,917
574,216
575,3073
576,3798
577,295
578,101
579,760
580,362
581,946
582,354
583,6019
584,186
585,94
586,475
587,796
588,326
589,592
590,90
591,1183
592,164
593,352
594,78
595,222
596,71
597,72
598,924
599,136
600,132
601,69
602,71
603,68
604,393
605,287
606,130
607,61
608,61
609,60
610,63
611,62
612,226
613,475
614,2281
615,111
616,59
617,154
618,115
619,106
620,51
621,52
622,54
623,52
624,3796
625,5693
626,7153
627,3814
628,4232
629,17336
630,1009
631,18718
632,9026
633,30549
634,4670
635,7875
636,11241
637,18806
638,13989
639,8953
640,23459
641,435
642,1046
643,190
644,837
645,266
646,2235
647,354
648,539
649,10436
650,127
651,180
652,734
653,50
654,373
655,98
656,2438
657,793
658,1093
659,835
660,191
661,43
662,41
663,41
664,45
665,43
666,43
667,457
668,350
669,84
670,170
671,37
672,34
673,34
674,81
675,28
676,26
677,22
678,69
679,23
680,64
681,224
682,305
683,61
684,60
685,19
686,18
687,18
688,19
689,55
690,17
691,36
692,35
693,40
694,34
695,6996
696,9087
697,18597
698,5901
699,4301
700,7334
701,1208
702,26720
703,8669
704,5980
705,2522
706,8567
707,2387
708,2345
709,1671
710,354
711,460
712,716
713,189
714,323
715,90
716,438
717,364
718,157
719,401
720,246
721,335
722,184
723,63
724,100
725,247
726,137
727,45
728,41
729,106
730,138
731,38
732,115
733,142
734,107
735,312
736,26
737,47
738,23
739,67
740,85
741,21
742,103
743,20
744,42
745,17
746,18
747,17
748,60
749,70
750,14
751,41
752,43
753,29
754,13
755,11
756,12
757,10
758,39
759,12
760,9
761,9
762,10
763,9
764,8
765,8
766,7
767,8
768,7
769,7
770,6
771,6
772,7
773,26
774,8
775,6
776,6
777,6
778,6
779,5
780,6
781,6
782,2313
783,773
784,1935
785,5258
786,6258
787,6705
788,11265
789,1044
790,2594
791,15062
792,4211
793,5353
794,5277
795,6882
796,1125
797,13148
798,15765
799,5620
800,10291
801,5207
802,9359
803,170
804,993
805,7843
806,452
807,19882
808,311
809,1047
810,2606
811,5737
812,135
813,1528
814,932
815,6354
816,454
817,248
818,632
819,234
820,232
821,521
822,230
823,2087
824,354
825,1239
826,536
827,758
828,2017
829,163
830,80
831,1095
832,522
833,214
834,2387
835,751
836,187
837,270
838,62
839,225
840,113
841,59
842,53
843,437
844,142
845,99
846,97
847,214
848,48
849,48
850,90
851,89
852,42
853,195
854,71
855,2906
856,145
857,36
858,77
859,56
860,15256
861,3349
862,4394
863,4215
864,13353
865,7969
866,14015
867,10546
868,12746
869,6114
870,6214
871,2983
872,2184
873,8835
874,8082
875,1312
876,1293
877,10216
878,2138
879,2369
880,2257
881,5604
882,1637
883,1166
884,386
885,377
886,2185
887,349
888,120
889,332
890,680
891,321
892,1141
893,2493
894,1902
895,4392
896,1319
897,434
898,279
899,489
900,89
901,387
902,300
903,757
904,290
905,281
906,5834
907,146
908,630
909,432
910,335
911,182
912,977
913,123
914,15145
915,414
916,97
917,48
918,693
919,449
920,269
921,77
922,162
923,187
924,70
925,118
926,35
927,35
928,29
929,393
930,93
931,57
932,28
933,29
934,72
935,52
936,24
937,80
938,41
939,46
940,22
941,18
942,51
943,17
944,22734
945,17632
946,19158
947,19319
948,22816
949,13310
950,10622
951,6468
952,8294
953,652
954,17420
955,9844
956,7236
957,11280
958,3390
959,1416
960,13923
961,8576
962,30542
963,2397
964,2358
965,12012
966,3228
967,1051
968,802
969,1472
970,19172
971,755
972,413
973,4665
974,2540
975,662
976,98
977,2040
978,168
979,415
980,163
981,159
982,1554
983,71
984,71
985,1230
986,62
987,364
988,59
989,386
990,964
991,215
992,533
993,418
994,113
995,74
996,76
997,264
998,68
999,201
1000,59
1001,103
1002,55
1003,24
1004,28
1005,26
1006,24
1007,23
1008,24
1009,47
1010,194
1011,174
1012,23
1013,158
1014,22
1015,142
1016,36
1017,43
1018,65
1019,19
1020,81
1021,-9821
1022,609
1023,7343
1024,6478
1025,5497
1026,4455
1027,3222
1028,535
1029,57122
1030,9616
1031,8689
1032,19694
1033,23619
1034,4951
1035,28788
1036,18694
1037,3858
1038,3480
1039,685
1040,7873
1041,1031
1042,4729
1043,4948
1044,10982
1045,3543
1046,1493
1047,5255
1048,9795
1049,113
1050,526
1051,1346
1052,573
1053,1123
1054,213
1055,293
1056,179
1057,321
1058,1025
1059,177
1060,394
1061,78
1062,77
1063,578
1064,139
1065,448
1066,393
1067,370
1068,60
1069,63
1070,678
1071,119
1072,54
1073,51
1074,825
1075,49
1076,47
1077,51
1078,44
1079,985
1080,45
1081,33
1082,179
1083,37
1084,30
1085,134
1086,28
1087,25
1088,28
1089,74
1090,77
1091,72
1092,22
1093,20
1094,18
1095,18
1096,64
1097,16
1098,16
1099,18
1100,17
1101,101
1102,48
1103,15
1104,16
1105,15
1106,14
1107,14
1108,14
1109,30
1110,74
1111,13
1112,42
1113,53
1114,1993
1115,9433
1116,18634
1117,6534
1118,2494
1119,2478
1120,10846
1121,7088
1122,12421
1123,7979
1124,9071
1125,4835
1126,4339
1127,1655
1128,3173
1129,872
1130,17736
1131,462
1132,4071
1133,9356
1134,6885
1135,3866
1136,3529
1137,1911
1138,13980
1139,15609
1140,4508
1141,9696
1142,2024
1143,6923
1144,182
1145,380
1146,1772
1147,935
1148,2162
1149,3769
1150,444
1151,560
1152,1621
1153,985
1154,2205
1155,804
1156,593
1157,484
1158,661
1159,943
1160,1455
1161,995
1162,513
1163,688
1164,839
1165,538
1166,440
1167,181
1168,254
1169,375
1170,82
1171,842
1172,224
1173,347
1174,76
1175,396
1176,151
1177,74
1178,71
1179,68
1180,139
1181,359
1182,195
1183,241
1184,68
1185,68
1186,577
1187,63
1188,169
1189,117
1190,113
1191,55
1192,51
1193,55
1194,1103
1195,98
1196,171
1197,46
1198,122
1199,88
1200,42
1201,40
1202,146
1203,115
1204,70
1205,39
1206,38
1207,33
1208,71
1209,62
1210,131
1211,111
1212,59
1213,107
1214,11123
1215,8679
1216,10729
1217,9006
1218,19785
1219,14694
1220,715
1221,318
1222,13315
1223,1994
1224,10941
1225,9355
1226,17908
1227,8780
1228,111
1229,1171
1230,980
1231,24526
1232,106
1233,1429
1234,3375
1235,2158
1236,573
1237,756
1238,267
1239,872
1240,699
1241,255
1242,236
1243,142
1244,436
1245,211
1246,50
1247,203
1248,89
1249,87
1250,40
1251,78
1252,68
1253,144
1254,68
1255,65
1256,64
1257,144
1258,57
1259,83
1260,24
1261,22
1262,41
1263,63
1264,127
1265,60
1266,42
1267,106
1268,18
1269,72
1270,17
1271,36
1272,75
1273,16
1274,15
1275,14
1276,13
1277,30
1278,1
1279,1100
1280,5555
1281,14995
1282,5139
1283,530
1284,8990
1285,22454
1286,394
1287,9671
1288,16597
1289,2331
1290,14129
1291,330
1292,5374
1293,22791
1294,20040
1295,14909
1296,17053
1297,1255
1298,1030
1299,425
1300,399
1301,1348
1302,6800
1303,825
1304,631
1305,3510
1306,336
1307,2723
1308,5608
1309,2046
1310,532
1311,522
1312,199
1313,1379
1314,1666
1315,170
1316,179
1317,177
1318,648
1319,868
1320,303
1321,459
1322,621
1323,67
1324,504
1325,184
1326,739
1327,2761
1328,180
1329,1118
1330,198
1331,230
1332,36
1333,79
1334,391
1335,41
1336,160
1337,227
1338,94
1339,31
1340,31
1341,36
1342,135
1343,112
1344,322
1345,128
1346,315
1347,56
1348,55
1349,55
1350,173
1351,27
1352,26
1353,28
1354,27
1355,111
1356,21
1357,22
1358,20
1359,224
1360,41
1361,22
1362,19
1363,42
1364,39
1365,20
1366,69
1367,39
1368,17
1369,70
1370,14
1371,12
1372,14
1373,31
1374,54
1375,118
1376,12
1377,14
1378,77
1379,98
1380,12
1381,26
1382,28
1383,25
1384,24
1385,28
1386,26
1387,10
1388,10
1389,33
1390,44
1391,9
1392,11228
1393,7835
1394,6688
1395,12384
1396,13912
1397,4060
1398,11854
1399,2026
1400,312
1401,7953
1402,587
1403,1264
1404,3807
1405,262
1406,4966
1407,238
1408,880
1409,659
1410,5873
1411,1196
1412,7909
1413,2982
1414,1127
1415,295
1416,575
1417,360
1418,115
1419,116
1420,229
1421,104
1422,627
1423,215
1424,325
1425,2026
1426,385
1427,474
1428,345
1429,118
1430,161
1431,428
1432,98
1433,87
1434,45
1435,757
1436,125
1437,182
1438,53
1439,26
1440,27
1441,26
1442,23
1443,76
1444,19
1445,63
1446,17
1447,17
1448,15
1449,14
1450,15
1451,12
1452,12
1453,13
1454,12
1455,26
1456,26
1457,22
1458,12
1459,12
1460,10
1461,10
1462,53
1463,8
1464,10
1465,10
1466,25
1467,1243
1468,6141
1469,11975
1470,27500
1471,16564
1472,14068
1473,29890
1474,7893
1475,17835
1476,12801
1477,12359
1478,12109
1479,23175
1480,26567
1481,1996
1482,4696
1483,6528
1484,391
1485,3201
1486,4514
1487,660
1488,608
1489,2248
1490,2084
1491,638
1492,1671
1493,1124
1494,1322
1495,398
1496,704
1497,1219
1498,333
1499,515
1500,174
1501,756
1502,771
1503,670
1504,304
1505,238
1506,223
1507,40
1508,205
1509,38
1510,37
1511,30
1512,32
1513,34
1514,58
1515,149
1516,126
1517,145
1518,115
1519,25
1520,23
1521,135
1522,21
1523,74
1524,18
1525,55
1526,18
1527,35
1528,50
1529,15
1530,3733
1531,370
1532,1530
1533,2115
1534,232
1535,395
1536,3951
1537,16097
1538,2137
1539,2309
1540,17952
1541,1073
1542,347
1543,6635
1544,3726
1545,1253
1546,2551
1547,29021
1548,4403
1549,21240
1550,506
1551,5231
1552,3612
1553,2795
1554,274
1555,2016
1556,22994
1557,7556
1558,556
1559,16935
1560,4298
1561,28281
1562,8127
1563,12094
1564,17480
1565,16728
1566,9772
1567,4268
1568,9947
1569,12525
1570,6075
1571,12382
1572,26645
1573,8694
1574,4948
1575,21293
1576,33961
1577,9247
1578,917
1579,18127
1580,15197
1581,3003
1582,444
1583,16645
1584,988
1585,4848
1586,3036
1587,12769
1588,1242
1589,400
1590,14012
1591,9280
1592,16492
1593,896
1594,36673
1595,8637
1596,2509
1597,626
1598,730
1599,2961
1600,284
1601,1967
1602,2380
1603,694
1604,308
1605,106
1606,149
1607,149
1608,48
1609,291
1610,133
1611,210
1612,46
1613,458
1614,7015
1615,2166
1616,350
1617,188
1618,312
1619,40
1620,216
1621,351
1622,533
1623,876
1624,2887
1625,404
1626,1149
1627,421
1628,180
1629,722
1630,99
1631,62
1632,66
1633,602
1634,116
1635,270
1636,29
1637,31
1638,414
1639,522
1640,82
1641,207
1642,99
1643,56
1644,737
1645,25
1646,29
1647,28
1648,6747
1649,8976
1650,342
1651,7160
1652,1615
1653,8046
1654,13339
1655,7386
1656,6761
1657,6271
1658,48919
1659,8801
1660,27431
1661,7896
1662,15325
1663,23072
1664,15626
1665,3411
1666,1455
1667,3835
1668,24003
1669,19864
1670,3320
1671,11591
1672,748
1673,5304
1674,5980
1675,6645
1676,3569
1677,2569
1678,5738
1679,107
1680,9081
1681,7552
1682,456
1683,96
1684,3593
1685,8182
1686,1559
1687,664
1688,2411
1689,2115
1690,897
1691,433
1692,489
1693,65
1694,602
1695,2421
1696,133
1697,161
1698,131
1699,1797
1700,188
1701,63
1702,67
1703,266
1704,192
1705,26
1706,28
1707,27
1708,449
1709,25
1710,97
1711,45
1712,63
1713,349
1714,77
1715,56
1716,43
1717,43
1718,18
1719,18
1720,17
1721,19
1722,17
1723,55
1724,17
1725,32
1726,17
1727,85
1728,16
1729,14
1730,15
1731,13
1732,16
1733,14
1734,13
1735,14
1736,27
1737,13
1738,14
1739,37
1740,11
1741,13974
1742,4345
1743,13946
1744,5109
1745,40830
1746,17880
1747,56019
1748,21412
1749,4511
1750,14043
1751,1358
1752,6847
1753,2666
1754,16110
1755,21480
1756,4911
1757,8826
1758,2201
1759,1053
1760,11673
1761,1860
1762,459
1763,2267
1764,2824
1765,670
1766,1871
1767,509
1768,152
1769,1265
1770,360
1771,407
1772,124
1773,64
1774,2943
1775,526
1776,158
1777,970
1778,640
1779,474
1780,219
1781,1027
1782,736
1783,277
1784,30
1785,33
1786,32
1787,101
1788,100
1789,219
1790,59
1791,95
1792,27
1793,28
1794,22
1795,24
1796,47
1797,68
1798,21
1799,21
1800,19
1801,59
1802,19
1803,49
1804,16
1805,17
1806,16
1807,15
1808,14
1809,27
1810,57
1811,14
1812,15
1813,966
1814,2555
1815,2743
1816,14449
1817,23916
1818,3199
1819,9370
1820,8864
1821,1668
1822,6287
1823,34019
1824,5415
1825,14241
1826,22105
1827,8134
1828,16834
1829,7289
1830,3012
1831,20135
1832,11205
1833,17716
1834,3577
1835,11932
1836,9034
1837,2884
1838,3217
1839,5736
1840,2895
1841,23090
1842,1429
1843,3670
1844,8926
1845,2839
1846,11435
1847,49889
1848,1482
1849,19248
1850,8588
1851,2424
1852,28582
1853,188
1854,4100
1855,1963
1856,254
1857,1308
1858,15097
1859,10746
1860,7148
1861,4180
1862,3653
1863,1312
1864,676
1865,9469
1866,3075
1867,590
1868,372
1869,14449
1870,736
1871,1352
1872,1734
1873,1260
1874,342
1875,578
1876,756
1877,1032
1878,363
1879,1767
1880,214
1881,3578
1882,840
1883,393
1884,265
1885,249
1886,92
1887,193
1888,1800
1889,46
1890,1270
1891,5647
1892,22737
1893,27811
1894,8845
1895,7046
1896,8759
1897,15850
1898,2903
1899,1980
1900,5918
1901,10992
1902,14769
1903,16003
1904,10522
1905,9554
1906,7732
1907,17033
1908,15544
1909,12215
1910,14008
1911,15452
1912,4031
1913,28828
1914,23526
1915,10660
1916,4982
1917,14131
1918,9499
1919,11520
1920,9496
1921,23496
1922,4529
1923,15573
1924,7761
1925,11068
1926,35221
1927,446
1928,6703
1929,13103
1930,16376
1931,10793
1932,5602
1933,3357
1934,32057
1935,5750
1936,6343
1937,14260
1938,1685
1939,5785
1940,11627
1941,1231
1942,3694
1943,386
1944,16158
1945,8710
1946,5529
1947,8474
1948,246
1949,249
1950,4294
1951,7177
1952,21768
1953,4712
1954,26880
1955,324
1956,671
1957,1219
1958,7173
1959,13833
1960,41490
1961,1386
1962,20806
1963,14681
1964,1067
1965,1794
1966,291
1967,5019
1968,4829
1969,2649
1970,7348
1971,7004
1972,1065
1973,4660
1974,46899
1975,1030
1976,990
1977,386
1978,1139
1979,308
1980,17727
1981,1617
1982,425
1983,3277
1984,844
1985,7096
1986,3787
1987,8899
1988,225
1989,21143
1990,728
1991,736
1992,13977
1993,452
1994,7151
1995,3206
1996,213
1997,268
1998,2190
1999,73
2000,2215
2001,1529
2002,862
2003,3694
2004,14955
2005,7372
2006,10672
2007,7896
2008,1628
2009,27991
2010,6305
2011,2980
2012,4393
2013,13731
2014,13316
2015,4439
2016,9869
2017,10947
2018,1207
2019,3363
2020,918
2021,494
2022,2321
2023,7711
2024,8921
2025,2325
2026,696
2027,438
2028,893
2029,9630
2030,4861
2031,4524
2032,2705
2033,1261
2034,2722
2035,237
2036,340
2037,622
2038,1444
2039,1014
2040,2697
2041,203
2042,1039
2043,556
2044,535
2045,450
2046,802
2047,138
2048,362
2049,1516
2050,189
2051,183
2052,251
2053,351
2054,54
2055,1626
2056,214
2057,1346
2058,97
2059,344
2060,85
2061,219
2062,1426
2063,78
2064,114
2065,37
2066,100
2067,916
2068,91
2069,34
2070,183
2071,59
2072,53
2073,306
2074,26
2075,28
2076,362
2077,51
2078,309
2079,88
2080,85
2081,23
2082,242
2083,1
2084,3128
2085,3120
2086,3591
2087,494
2088,811
2089,962
2090,623
2091,3354
2092,2414
2093,19439
2094,21910
2095,6513
2096,1939
2097,4538
2098,8807
2099,18109
2100,10914
2101,4973
2102,5620
2103,12486
2104,11360
2105,14798
2106,6708
2107,2938
2108,17891
2109,6781
2110,10497
2111,7765
2112,17569
2113,7313
2114,25008
2115,20115
2116,20181
2117,6117
2118,28017
2119,5232
2120,12419
2121,4685
2122,32722
2123,8490
2124,1614
2125,4951
2126,4740
2127,1578
2128,2308
2129,2453
2130,181
2131,23985
2132,21944
2133,14483
2134,15380
2135,8660
2136,3960
2137,361
2138,506
2139,1063
2140,8330
2141,1259
2142,2276
2143,1498
2144,6417
2145,961
2146,458
2147,9484
2148,1661
2149,1655
2150,144
2151,531
2152,286
2153,744
2154,626
2155,4472
2156,1420
2157,4507
2158,806
2159,1402
2160,134
2161,2328
2162,122
2163,819
2164,423
2165,1518
2166,864
2167,1133
2168,297
2169,677
2170,101
2171,277
2172,97
2173,1028
2174,86
2175,90
2176,86
2177,704
2178,168
2179,1210
2180,434
2181,166
2182,630
2183,75
2184,77
2185,75
2186,767
2187,75
2188,73
2189,669
2190,359
2191,638
2192,64
2193,66
2194,240
2195,742
2196,467
2197,64
2198,59
2199,118
2200,113
2201,118
2202,56
2203,248
2204,113
2205,109
2206,657
2207,313
2208,53
2209,54
2210,174
2211,242
2212,49
2213,49
2214,48
2215,46
2216,50
2217,51
2218,207
2219,127
2220,42
2221,85
2222,74
2223,38
2224,40
2225,38
2226,35
2227,39
2228,183
2229,378
2230,345
2231,99
2232,68
2233,63
2234,68
2235,33
2236,28
2237,35
2238,31
2239,32
2240,32
2241,1870
2242,7929
2243,5503
2244,8855
2245,5018
2246,2808
2247,588
2248,53865
2249,17265
2250,27763
2251,23345
2252,14494
2253,28617
2254,10709
2255,10271
2256,16407
2257,10026
2258,3938
2259,29891
2260,6110
2261,14378
2262,7972
2263,631
2264,618
2265,704
2266,288
2267,1105
2268,202
2269,3384
2270,272
2271,486
2272,484
2273,258
2274,91
2275,1195
2276,336
2277,207
2278,64
2279,64
2280,62
2281,455
2282,358
2283,313
2284,46
2285,1152
2286,128
2287,285
2288,125
2289,84
2290,42
2291,256
2292,77
2293,335
2294,637
2295,69
2296,74
2297,165
2298,54
2299,26
2300,26
2301,165
2302,52
2303,156
2304,22
2305,22
2306,22
2307,22
2308,22
2309,18
2310,43
2311,18
2312,18
2313,19
2314,18
2315,35
2316,16
2317,15
2318,41
2319,13
2320,30
2321,12
2322,12
2323,12
2324,12
2325,26
2326,26
2327,26
2328,22
2329,22
2330,10
2331,12
2332,11
2333,1
2334,5797
2335,372
2336,6766
2337,6094
2338,13378
2339,3661
2340,2471
2341,6893
2342,10833
2343,1168
2344,4625
2345,1492
2346,1098
2347,7657
2348,6884
2349,1546
2350,7573
2351,7677
2352,6015
2353,15044
2354,7593
2355,5201
2356,6596
2357,13327
2358,1162
2359,12391
2360,506
2361,2182
2362,2476
2363,1793
2364,219
2365,2837
2366,2415
2367,3310
2368,5369
2369,19996
2370,193
2371,559
2372,538
2373,20846
2374,20209
2375,171
2376,9779
2377,1063
2378,701
2379,406
2380,303
2381,294
2382,422
2383,141
2384,281
2385,132
2386,136
2387,5626
2388,131
2389,117
2390,1547
2391,671
2392,412
2393,548
2394,735
2395,1076
2396,294
2397,1436
2398,93
2399,237
2400,372
2401,398
2402,216
2403,1035
2404,472
2405,444
2406,146
2407,146
2408,143
2409,518
2410,199
2411,294
2412,241
2413,62
2414,229
2415,564
2416,349
2417,215
2418,416
2419,56
2420,49
2421,48
2422,288
2423,489
2424,320
2425,138
2426,47
2427,45
2428,243
2429,309
2430,257
2431,83
2432,41
2433,44
2434,43
2435,43
2436,40
2437,161
2438,37
2439,38
2440,41
2441,35
2442,346
2443,195
2444,1437
2445,33
2446,36
2447,31
2448,878
2449,9195
2450,10108
2451,6431
2452,444
2453,10589
2454,408
2455,9596
2456,3402
2457,2199
2458,5025
2459,3093
2460,33775
2461,292
2462,1594
2463,2310
2464,2017
2465,10207
2466,256
2467,14863
2468,2541
2469,1315
2470,1784
2471,4423
2472,5881
2473,16647
2474,400
2475,196
2476,15297
2477,10256
2478,15839
2479,7845
2480,11991
2481,24057
2482,13118
2483,26999
2484,6677
2485,678
2486,19496
2487,1557
2488,21328
2489,7766
2490,867
2491,164
2492,712
2493,1939
2494,941
2495,3687
2496,2288
2497,851
2498,10625
2499,823
2500,131
2501,255
2502,14460
2503,1082
2504,122
2505,341
2506,1456
2507,488
2508,108
2509,4116
2510,101
2511,283
2512,100
2513,191
2514,270
2515,90
2516,88
2517,87
2518,944
2519,693
2520,245
2521,79
2522,998
2523,523
2524,227
2525,78
2526,77
2527,476
2528,66
2529,67
2530,65
2531,69
2532,65
2533,128
2534,235
2535,118
2536,165
2537,57
2538,1721
2539,113
2540,158
2541,55
2542,56
2543,49
2544,55
2545,52
2546,142
2547,283
2548,43
2549,159
2550,124
2551,90
2552,40
2553,184
2554,116
2555,42
2556,41
2557,40
2558,42
2559,43
2560,293
2561,78
2562,77
2563,40
2564,40
2565,102
2566,177
2567,63
2568,1209
2569,303
2570,54
2571,226
2572,112
2573,27
2574,29
2575,27
2576,26
2577,28
2578,29
2579,25
2580,27
2581,9297
2582,5259
2583,12036
2584,22616
2585,13245
2586,22279
2587,4335
2588,5305
2589,8539
2590,21376
2591,14782
2592,12146
2593,5124
2594,2316
2595,1281
2596,2409
2597,11852
2598,200
2599,6593
2600,24496
2601,2760
2602,14552
2603,1327
2604,650
2605,143
2606,859
2607,25928
2608,713
2609,1172
2610,364
2611,1710
2612,3304
2613,687
2614,937
2615,505
2616,583
2617,311
2618,405
2619,101
2620,270
2621,245
2622,311
2623,81
2624,296
2625,519
2626,769
2627,137
2628,68
2629,678
2630,226
2631,203
2632,52
2633,49
2634,46
2635,340
2636,400
2637,418
2638,34
2639,108
2640,418
2641,30
2642,32
2643,88
2644,85
2645,61
2646,55
2647,101
2648,80
2649,24
2650,26
2651,25
2652,24
2653,105
2654,137
2655,23
2656,61
2657,22
2658,18
2659,37
2660,18
2661,18
2662,17
2663,18
2664,30
2665,38
2666,15
2667,16
2668,16
2669,16
2670,61
2671,33
2672,31
2673,28
2674,13
2675,13
2676,14
2677,36
2678,39
2679,37
2680,12
2681,12
2682,13
2683,28
2684,11
2685,11
2686,5434
2687,2969
2688,626
2689,2438
2690,2074
2691,12322
2692,957
2693,5598
2694,7091
2695,10856
2696,1866
2697,3951
2698,645
2699,2558
2700,14855
2701,9883
2702,25871
2703,19073
2704,2204
2705,13678
2706,3205
2707,159
2708,2534
2709,19722
2710,4983
2711,15327
2712,9647
2713,9706
2714,6694
2715,2708
2716,7123
2717,4257
2718,915
2719,4632
2720,145
2721,9235
2722,410
2723,6256
2724,15178
2725,13941
2726,8621
2727,4985
2728,20867
2729,472
2730,558
2731,21296
2732,1191
2733,120
2734,683
2735,2718
2736,220
2737,412
2738,215
2739,1935
2740,1232
2741,598
2742,274
2743,486
2744,547
2745,405
2746,256
2747,394
2748,447
2749,442
2750,2364
2751,166
2752,159
2753,150
2754,70
2755,316
2756,73
2757,183
2758,58
2759,166
2760,167
2761,53
2762,114
2763,112
2764,153
2765,676
2766,234
2767,52
2768,51
2769,173
2770,173
2771,50
2772,46
2773,48
2774,433
2775,223
2776,119
2777,80
2778,80
2779,76
2780,79
2781,79
2782,169
2783,226
2784,435
2785,187
2786,41
2787,370
2788,67
2789,182
2790,173
2791,124
2792,63
2793,29
2794,35
2795,30
2796,61
2797,237
2798,29
2799,28
2800,27
2801,25
2802,183
2803,22
2804,5043
2805,1078
2806,10517
2807,5253
2808,12510
2809,13036
2810,10378
2811,31709
2812,12570
2813,15987
2814,9314
2815,7710
2816,18597
2817,3202
2818,5889
2819,2416
2820,689
2821,129
2822,250
2823,1927
2824,472
2825,6387
2826,996
2827,204
2828,201
2829,5329
2830,618
2831,2283
2832,227
2833,1228
2834,746
2835,996
2836,619
2837,655
2838,4584
2839,152
2840,355
2841,1486
2842,334
2843,846
2844,349
2845,608
2846,142
2847,667
2848,32
2849,59
2850,81
2851,22
2852,223
2853,55
2854,167
2855,72
2856,18
2857,52
2858,306
2859,85
2860,31
2861,58
2862,43
2863,15
2864,13
2865,13
2866,174
2867,36
2868,44
2869,13
2870,8814
2871,19181
2872,20044
2873,17246
2874,3150
2875,17140
2876,6742
2877,7620
2878,14994
2879,12022
2880,2772
2881,7935
2882,1853
2883,6143
2884,1482
2885,9810
2886,768
2887,14660
2888,5905
2889,2529
2890,1421
2891,1805
2892,4510
2893,223
2894,13573
2895,1828
2896,1832
2897,2923
2898,2650
2899,5210
2900,1842
2901,806
2902,2516
2903,692
2904,1493
2905,1218
2906,1329
2907,27913
2908,731
2909,719
2910,948
2911,116
2912,180
2913,568
2914,584
2915,197
2916,91
2917,39
2918,45
2919,240
2920,316
2921,359
2922,1036
2923,3604
2924,306
2925,139
2926,30
2927,30
2928,1125
2929,3210
2930,670
2931,104
2932,159
2933,3988
2934,1041
2935,392
2936,8539
2937,15558
2938,6653
2939,11427
2940,1318
2941,20595
2942,27405
2943,9612
2944,13047
2945,15312
2946,6369
2947,13149
2948,19702
2949,19698
2950,5260
2951,4068
2952,2604
2953,12661
2954,6436
2955,24413
2956,11483
2957,1360
2958,14115
2959,1119
2960,6608
2961,6283
2962,35983
2963,30518
2964,22999
2965,5094
2966,5840
2967,18548
2968,2626
2969,23927
2970,822
2971,13424
2972,11395
2973,2073
2974,1163
2975,1698
2976,1892
2977,606
2978,5293
2979,417
2980,410
2981,946
2982,872
2983,909
2984,20892
2985,7451
2986,1604
2987,1795
2988,658
2989,5024
2990,190
2991,345
2992,92
2993,467
2994,84
2995,172
2996,4028
2997,528
2998,223
2999,456
3000,342
3001,10702
3002,212
3003,257
3004,2179
3005,409
3006,197
3007,863
3008,1666
3009,4066
3010,62
3011,6211
3012,662
3013,398
3014,54
3015,58
3016,3317
3017,837
3018,312
3019,295
3020,723
3021,1589
3022,44
3023,1412
3024,93
3025,414
3026,954
3027,306
3028,118
3029,45
3030,40
3031,1
3032,651
3033,2227
3034,613
3035,277
3036,2278
3037,7944
3038,600
3039,5172
3040,537
3041,2863
3042,9107
3043,614
3044,1163
3045,4184
3046,15073
3047,3643
3048,45827
3049,12952
3050,977
3051,26449
3052,143
3053,3019
3054,716
3055,9557
3056,12831
3057,6058
3058,17494
3059,16055
3060,259
3061,4342
3062,8920
3063,14666
3064,5812
3065,245
3066,1623
3067,12407
3068,7812
3069,3320
3070,1325
3071,5440
3072,396
3073,550
3074,1500
3075,5795
3076,196
3077,6658
3078,93
3079,411
3080,253
3081,1490
3082,501
3083,169
3084,167
3085,85
3086,2066
3087,5293
3088,1942
3089,1718
3090,75
3091,836
3092,325
3093,72
3094,145
3095,595
3096,191
3097,65
3098,330
3099,405
3100,551
3101,125
3102,129
3103,175
3104,58
3105,61
3106,66
3107,62
3108,63
3109,1005
3110,58
3111,54
3112,56
3113,56
3114,49
3115,52
3116,335
3117,441
3118,261
3119,476
3120,49
3121,47
3122,43
3123,40
3124,41
3125,38
3126,2903
3127,4175
3128,3233
3129,1672
3130,865
3131,271
3132,15390
3133,13253
3134,14603
3135,8169
3136,16700
3137,2036
3138,8758
3139,16143
3140,22332
3141,5188
3142,5080
3143,4330
3144,7763
3145,2453
3146,14575
3147,4444
3148,23339
3149,21984
3150,4889
3151,2248
3152,12479
3153,386
3154,24101
3155,35762
3156,4701
3157,10557
3158,16070
3159,24796
3160,342
3161,36686
3162,10756
3163,2361
3164,1155
3165,4011
3166,980
3167,7849
3168,411
3169,7898
3170,2608
3171,25091
3172,3057
3173,7507
3174,1042
3175,363
3176,21368
3177,7403
3178,12729
3179,239
3180,337
3181,1357
3182,225
3183,887
3184,110
3185,386
3186,4626
3187,1552
3188,200
3189,8088
3190,1631
3191,96
3192,344
3193,6671
3194,1463
3195,184
3196,13349
3197,323
3198,1674
3199,497
3200,238
3201,1304
3202,82
3203,16937
3204,1099
3205,163
3206,11086
3207,220
3208,153
3209,74
3210,752
3211,322
3212,71
3213,468
3214,140
3215,496
3216,625
3217,289
3218,4462
3219,134
3220,416
3221,122
3222,361
3223,629
3224,115
3225,252
3226,335
3227,55
3228,56
3229,57
3230,206
3231,9581
3232,1909
3233,9428
3234,29378
3235,124
3236,21513
3237,37977
3238,1509
3239,11677
3240,8521
3241,178
3242,2160
3243,346
3244,1187
3245,1111
3246,494
3247,61
3248,3957
3249,110
3250,56
3251,209
3252,1820
3253,84
3254,45
3255,521
3256,90
3257,1020
3258,235
3259,20
3260,47
3261,73
3262,71
3263,83
3264,19
3265,105
3266,13
3267,14
3268,178
3269,16
3270,16
3271,27
3272,30
3273,11
3274,32
3275,12
3276,11
3277,12
3278,11
3279,24
3280,12
3281,20
3282,27
3283,78
3284,9
3285,9
3286,9
3287,16
3288,74
3289,8
3290,8
3291,8
3292,9
3293,9
3294,15990
3295,3684
3296,6087
3297,8136
3298,19828
3299,2529
3300,2557
3301,5955
3302,11586
3303,12972
3304,14804
3305,21412
3306,12057
3307,8868
3308,4603
3309,10050
3310,23135
3311,14007
3312,4968
3313,6245
3314,4939
3315,7837
3316,15752
3317,1549
3318,8739
3319,1867
3320,1111
3321,3496
3322,5106
3323,729
3324,3713
3325,3165
3326,3071
3327,2230
3328,614
3329,4261
3330,1371
3331,1353
3332,4159
3333,2475
3334,807
3335,1480
3336,795
3337,8491
3338,4661
3339,513
3340,253
3341,1965
3342,1087
3343,463
3344,450
3345,431
3346,785
3347,930
3348,389
3349,530
3350,664
3351,360
3352,171
3353,620
3354,620
3355,337
3356,727
3357,157
3358,153
3359,412
3360,136
3361,718
3362,262
3363,362
3364,124
3365,246
3366,121
3367,699
3368,1150
3369,225
3370,213
3371,372
3372,98
3373,184
3374,91
3375,266
3376,318
3377,300
3378,220
3379,1789
3380,346
3381,81
3382,77
3383,78
3384,208
3385,72
3386,77
3387,75
3388,65
3389,65
3390,190
3391,130
3392,61
3393,58
3394,57
3395,65
3396,118
3397,161
3398,648
3399,55
3400,51
3401,52
3402,50
3403,46
3404,45
3405,50
3406,44
3407,46
3408,44
3409,51
3410,47
3411,45
3412,42
3413,41
3414,42
3415,39
3416,39
3417,42
3418,42
3419,46
3420,83
3421,76
3422,112
3423,109
3424,143
3425,76
3426,74
3427,36
3428,39
3429,37
3430,39
3431,39
3432,254
3433,30
3434,104
3435,53
3436,54
3437,26
3438,30
3439,28
3440,26
3441,31
3442,26
3443,24
3444,29
3445,29
3446,25
3447,30
3448,26
3449,26
3450,26
3451,608
3452,4912
3453,7986
3454,9310
3455,13054
3456,22635
3457,2628
3458,790
3459,4876
3460,278
3461,3722
3462,133
3463,1286
3464,248
3465,1335
3466,976
3467,797
3468,291
3469,651
3470,1212
3471,164
3472,199
3473,233
3474,47
3475,47
3476,49
3477,425
3478,441
3479,101
3480,66
3481,31
3482,34
3483,706
3484,94
3485,23
3486,49
3487,21
3488,214
3489,19
3490,41
3491,40
3492,42
3493,39
3494,16
3495,17
3496,34
3497,16
3498,71
3499,27
3500,12
3501,76
3502,70
3503,11
3504,39
3505,40
3506,21
3507,37
3508,124
3509,9
3510,18
3511,8
3512,44
3513,15
3514,19
3515,14
3516,7
3517,1340
3518,2238
3519,1071
3520,328
3521,6531
3522,17609
3523,23353
3524,259
3525,12646
3526,4218
3527,4371
3528,1635
3529,18925
3530,2972
3531,6094
3532,2061
3533,5008
3534,7488
3535,7322
3536,475
3537,1824
3538,314
3539,796
3540,3189
3541,2111
3542,538
3543,3687
3544,411
3545,2230
3546,576
3547,6747
3548,125
3549,449
3550,932
3551,94
3552,1512
3553,83
3554,375
3555,66
3556,69
3557,383
3558,127
3559,130
3560,323
3561,2688
3562,56
3563,307
3564,303
3565,1383
3566,1307
3567,986
3568,488
3569,131
3570,44
3571,90
3572,122
3573,157
3574,42
3575,42
3576,39
3577,270
3578,1239
3579,79
3580,172
3581,40
3582,96
3583,333
3584,208
3585,32
3586,30
3587,361
3588,84
3589,29
3590,26
3591,26
3592,26
3593,111
3594,24
3595,24
3596,24
3597,50
3598,54
3599,47
3600,528
3601,181
3602,22
3603,266
3604,43
3605,43
3606,20
3607,101
3608,112
3609,327
3610,243
3611,17
3612,35
3613,17
3614,15
3615,15
3616,16
3617,94
3618,6432
3619,1970
3620,3131
3621,563
3622,9611
3623,3810
3624,16669
3625,4867
3626,1771
3627,29982
3628,3003
3629,12229
3630,20890
3631,2370
3632,4137
3633,8603
3634,5479
3635,1613
3636,517
3637,2627
3638,7997
3639,711
3640,14930
3641,4911
3642,1073
3643,1410
3644,7503
3645,404
3646,1158
3647,188
3648,185
3649,148
3650,519
3651,138
3652,688
3653,7471
3654,120
3655,333
3656,1885
3657,112
3658,1961
3659,101
3660,450
3661,1372
3662,89
3663,172
3664,86
3665,246
3666,79
3667,1217
3668,1023
3669,1132
3670,67
3671,69
3672,128
3673,58
3674,846
3675,57
3676,104
3677,516
3678,43
3679,185
3680,190
3681,153
3682,152
3683,39
3684,43
3685,83
3686,200
3687,255
3688,107
3689,71
3690,140
3691,162
3692,34
3693,35
3694,36
3695,552
3696,96
3697,66
3698,61
3699,31
3700,31
3701,215
3702,61
3703,79
3704,87
3705,28
3706,25
3707,25
3708,25
3709,24
3710,24
3711,48
3712,49
3713,23
3714,22
3715,21
3716,45
3717,260
3718,20
3719,20
3720,19
3721,20
3722,14785
3723,12665
3724,13232
3725,10082
3726,9550
3727,12066
3728,9512
3729,11334
3730,22479
3731,13498
3732,1312
3733,4585
3734,3048
3735,11882
3736,759
3737,1183
3738,24526
3739,1123
3740,598
3741,1306
3742,652
3743,2306
3744,891
3745,660
3746,559
3747,914
3748,216
3749,360
3750,54
3751,97
3752,258
3753,318
3754,344
3755,115
3756,138
3757,130
3758,281
3759,221
3760,28
3761,26
3762,28
3763,131
3764,268
3765,19
3766,71
3767,81
3768,199
3769,113
3770,85
3771,43
3772,32
3773,244
3774,41
3775,40
3776,41
3777,13
3778,11
3779,11
3780,34
3781,21
3782,10
3783,8
3784,10
3785,20
3786,2803
3787,15063
3788,3910
3789,9579
3790,5167
3791,22657
3792,26002
3793,37815
3794,6926
3795,23275
3796,2835
3797,10215
3798,578
3799,1098
3800,3491
3801,9645
3802,1363
3803,9442
3804,4362
3805,1308
3806,1134
3807,5447
3808,926
3809,912
3810,5348
3811,1055
3812,105
3813,219
3814,707
3815,3404
3816,903
3817,373
3818,240
3819,79
3820,479
3821,217
3822,2396
3823,695
3824,377
3825,121
3826,222
3827,100
3828,91
3829,371
3830,624
3831,295
3832,472
3833,196
3834,618
3835,67
3836,117
3837,114
3838,32
3839,80
3840,29
3841,28
3842,70
3843,51
3844,25
3845,87
3846,41
3847,103
3848,20
3849,17
3850,16
3851,66
3852,13
3853,14
3854,32
3855,31
3856,12268
3857,3800
3858,6288
3859,7524
3860,3495
3861,8618
3862,2381
3863,12286
3864,608
3865,2707
3866,6753
3867,9263
3868,11063
3869,13817
3870,656
3871,461
3872,2477
3873,2140
3874,933
3875,20497
3876,785
3877,9073
3878,815
3879,519
3880,1062
3881,785
3882,2809
3883,92
3884,4615
3885,868
3886,321
3887,309
3888,150
3889,909
3890,315
3891,10252
3892,420
3893,65
3894,2742
3895,125
3896,120
3897,1171
3898,310
3899,215
3900,53
3901,363
3902,8127
3903,279
3904,154
3905,2121
3906,50
3907,100
3908,48
3909,46
3910,207
3911,488
3912,920
3913,563
3914,84
3915,218
3916,240
3917,37
3918,38
3919,39
3920,35
3921,264
3922,126
3923,1235
3924,30
3925,35
3926,63
3927,358
3928,27
3929,28
3930,25
3931,25
3932,50
3933,50
3934,51
3935,205
3936,218
3937,20
3938,21
3939,19
3940,20
3941,39
3942,84
3943,18
3944,18
3945,474
3946,441
3947,34
3948,15
3949,16
3950,15
3951,14
3952,99
3953,42
3954,44
3955,14
3956,14
3957,15
3958,29
3959,6242
3960,11329
3961,13269
3962,2970
3963,3160
3964,15458
3965,1709
3966,3520
3967,2407
3968,7320
3969,2770
3970,23599
3971,28732
3972,47175
3973,7952
3974,7222
3975,11321
3976,3064
3977,3237
3978,11910
3979,694
3980,6366
3981,4010
3982,23861
3983,1640
3984,21992
3985,21722
3986,8149
3987,4923
3988,12910
3989,30796
3990,6091
3991,17107
3992,1198
3993,26778
3994,7969
3995,1172
3996,32118
3997,12733
3998,17379
3999,9944
4000,3404
4001,8015
4002,125
4003,8833
4004,10610
4005,3470
4006,13190
4007,2535
4008,8674
4009,16770
4010,26250
4011,8566
4012,4478
4013,7950
4014,1338
4015,2330
4016,973
4017,5863
4018,8776
4019,5260
4020,9331
4021,572
4022,18368
4023,9439
4024,12027
4025,10740
4026,8560
4027,384
4028,1070
4029,915
4030,1420
4031,3896
4032,341
4033,670
4034,5976
4035,582
4036,253
4037,1660
4038,700
4039,15737
4040,3710
4041,235
4042,232
4043,1800
4044,217
4045,2755
4046,1294
4047,582
4048,6532
4049,822
4050,202
4051,3226
4052,2719
4053,1259
4054,69
4055,66
4056,3676
4057,568
4058,427
4059,1214
4060,63
4061,1752
4062,112
4063,117
4064,158
4065,2098
4066,874
4067,470
4068,4109
4069,5408
4070,10439
4071,5101
4072,13604
4073,11019
4074,18092
4075,309
4076,15628
4077,8309
4078,4337
4079,10171
4080,22036
4081,1139
4082,8628
4083,12096
4084,8808
4085,3043
4086,3069
4087,5298
4088,3625
4089,1558
4090,6611
4091,1528
4092,274
4093,16086
4094,3891
4095,266
4096,10614
4097,7759
4098,8683
4099,923
4100,2733
4101,692
4102,4469
4103,19795
4104,1985
4105,1973
4106,204
4107,583
4108,2005
4109,388
4110,1895
4111,379
4112,815
4113,504
4114,1543
4115,1202
4116,1137
4117,113
4118,108
4119,784
4120,942
4121,273
4122,192
4123,96
4124,241
4125,366
4126,78
4127,278
4128,151
4129,263
4130,251
4131,908
4132,482
4133,794
4134,179
4135,62
4136,212
4137,164
4138,60
4139,61
4140,1776
4141,280
4142,100
4143,148
4144,51
4145,94
4146,49
4147,49
4148,48
4149,45
4150,45
4151,46
4152,92
4153,85
4154,81
4155,78
4156,141
4157,75
4158,98
4159,67
4160,171
4161,31
4162,32
4163,28
4164,31
4165,34
4166,32
4167,64
4168,59
4169,76
4170,55
4171,25
4172,29
4173,26
4174,27
4175,26
4176,24
4177,91
4178,26
4179,26
4180,22
4181,2511
4182,444
4183,7696
4184,4364
4185,6127
4186,4130
4187,10475
4188,13175
4189,13191
4190,19912
4191,16382
4192,11420
4193,3566
4194,5917
4195,4842
4196,4542
4197,8550
4198,5254
4199,10718
4200,13755
4201,5214
4202,7011
4203,23795
4204,2952
4205,21233
4206,1743
4207,4925
4208,5478
4209,2056
4210,1432
4211,2573
4212,1638
4213,4052
4214,2684
4215,98
4216,9241
4217,24954
4218,9588
4219,5982
4220,266
4221,266
4222,666
4223,959
4224,1378
4225,702
4226,16089
4227,1156
4228,495
4229,84
4230,301
4231,762
4232,3305
4233,75
4234,561
4235,560
4236,201
4237,488
4238,868
4239,2110
4240,473
4241,172
4242,258
4243,60
4244,205
4245,251
4246,715
4247,113
4248,316
4249,363
4250,208
4251,47
4252,45
4253,202
4254,286
4255,147
4256,25495
4257,4686
4258,2041
4259,608
4260,310
4261,2580
4262,9453
4263,5045
4264,141
4265,18
4266,40
4267,574
4268,1619
4269,127
4270,182
4271,106
4272,285
4273,58
4274,170
4275,7
4276,42
4277,69
4278,26
4279,58
4280,201
4281,91
4282,40
4283,21
4284,24
4285,21
4286,31
4287,17
4288,6
4289,5
4290,4
4291,73
4292,34
4293,9
4294,3
4295,5
4296,4
4297,4
4298,3
4299,4
4300,5
4301,4
4302,4
4303,10
4304,12
4305,47
4306,36
4307,7
4308,8
4309,29
4310,21
4311,21
4312,34
4313,3
4314,3
4315,3
4316,3
4317,3
4318,3
4319,3
4320,3
4321,3
4322,3
4323,3
4324,3
4325,3
4326,3
4327,3
4328,3
4329,3
4330,3
4331,3
4332,3
4333,3
4334,3
4335,3
4336,3
4337,3
4338,3
4339,3
4340,3
4341,3
4342,3
4343,3
4344,66
4345,163
4346,13
4347,16
4348,5
4349,14
4350,8
4351,7
4352,4
4353,613
4354,6046
4355,1192
4356,5485
4357,2671
4358,804
4359,969
4360,2719
4361,4058
4362,1126
4363,2624
4364,811
4365,3473
4366,6553
4367,2303
4368,9862
4369,7689
4370,6541
4371,1895
4372,9084
4373,5018
4374,2313
4375,17548
4376,95
4377,757
4378,968
4379,3083
4380,5427
4381,2632
4382,2494
4383,1854
4384,4374
4385,1434
4386,1419
4387,516
4388,6009
4389,1430
4390,509
4391,843
4392,889
4393,558
4394,706
4395,161
4396,160
4397,610
4398,110
4399,324
4400,710
4401,1106
4402,78
4403,58
4404,339
4405,1902
4406,325
4407,1141
4408,350
4409,1908
4410,23
4411,307
4412,42
4413,228
4414,117
4415,91
4416,137
4417,106
4418,595
4419,20
4420,200
4421,224
4422,127
4423,896
4424,196
4425,12940
4426,2286
4427,22134
4428,25529
4429,5767
4430,7164
4431,15356
4432,2531
4433,8632
4434,2785
4435,1428
4436,9186
4437,557
4438,1601
4439,2314
4440,676
4441,5290
4442,205
4443,1127
4444,7922
4445,174
4446,4313
4447,13510
4448,656
4449,35372
4450,15905
4451,590
4452,191
4453,91
4454,93
4455,177
4456,4648
4457,82
4458,608
4459,514
4460,676
4461,615
4462,3703
4463,53
4464,143
4465,969
4466,104
4467,44
4468,161
4469,45
4470,40
4471,41
4472,2261
4473,817
4474,38
4475,133
4476,188
4477,30
4478,34
4479,156
4480,86
4481,56
4482,1456
4483,25
4484,73
4485,54
4486,481
4487,23
4488,692
4489,22
4490,22
4491,4918
4492,7503
4493,4174
4494,54524
4495,16345
4496,6448
4497,29698
4498,6091
4499,26586
4500,10018
4501,12664
4502,4512
4503,8498
4504,2642
4505,2123
4506,10610
4507,916
4508,13451
4509,165
4510,4384
4511,1764
4512,21843
4513,2281
4514,1790
4515,467
4516,778
4517,385
4518,391
4519,88
4520,239
4521,688
4522,948
4523,72
4524,3122
4525,839
4526,1504
4527,598
4528,4692
4529,1017
4530,1558
4531,1368
4532,204
4533,194
4534,1074
4535,507
4536,386
4537,275
4538,272
4539,74
4540,319
4541,244
4542,129
4543,173
4544,65
4545,116
4546,239
4547,27
4548,27
4549,27
4550,24
4551,59
4552,224
4553,75
4554,107
4555,75
4556,16
4557,16
4558,16
4559,118
4560,35
4561,12
4562,47
4563,56
4564,23
4565,12
4566,11
4567,10
4568,9
4569,15
4570,6108
4571,1576
4572,447
4573,1168
4574,3108
4575,5676
4576,2616
4577,4106
4578,6798
4579,23575
4580,5159
4581,38503
4582,45399
4583,21556
4584,15965
4585,31726
4586,17375
4587,24323
4588,24745
4589,12007
4590,22965
4591,27558
4592,15832
4593,18727
4594,23975
4595,2216
4596,8918
4597,4752
4598,16304
4599,5449
4600,9896
4601,24454
4602,9083
4603,7851
4604,3805
4605,18865
4606,3029
4607,20371
4608,7387
4609,2436
4610,9587
4611,336
4612,8183
4613,4719
4614,1503
4615,2703
4616,689
4617,2404
4618,260
4619,655
4620,768
4621,1322
4622,2083
4623,2411
4624,227
4625,10198
4626,21298
4627,13733
4628,10094
4629,22497
4630,14214
4631,12466
4632,7736
4633,4761
4634,16043
4635,13082
4636,17594
4637,942
4638,1056
4639,16132
4640,2853
4641,935
4642,19222
4643,859
4644,1903
4645,732
4646,732
4647,4739
4648,881
4649,11814
4650,8546
4651,559
4652,251
4653,910
4654,239
4655,1566
4656,232
4657,1497
4658,104
4659,195
4660,501
4661,26783
4662,269
4663,418
4664,189
4665,88
4666,2010
4667,1369
4668,973
4669,168
4670,6319
4671,272
4672,427
4673,205
4674,675
4675,258
4676,1897
4677,292
4678,133
4679,228
4680,65
4681,118
4682,116
4683,5248
4684,1487
4685,212
4686,117
4687,58
4688,774
4689,110
4690,965
4691,2160
4692,52
4693,194
4694,1560
4695,82
4696,117
4697,161
4698,595
4699,118
4700,37
4701,32
4702,33
4703,33
4704,58
4705,56
4706,427
4707,77
4708,55
4709,28
4710,30
4711,4267
4712,9297
4713,7960
4714,6928
4715,16079
4716,19335
4717,4680
4718,14919
4719,2648
4720,7492
4721,9313
4722,230
4723,1145
4724,93
4725,2750
4726,861
4727,716
4728,511
4729,268
4730,69
4731,3273
4732,64
4733,66
4734,234
4735,62
4736,216
4737,684
4738,751
4739,144
4740,231
4741,1100
4742,2985
4743,181
4744,36
4745,70
4746,68
4747,262
4748,65
4749,37
4750,58
4751,300
4752,23
4753,21
4754,45
4755,42
4756,18
4757,20
4758,70
4759,38
4760,14
4761,15
4762,16
4763,12
4764,32
4765,104
4766,12
4767,40
4768,13
4769,12
4770,20
4771,10
4772,7
4773,18
4774,15
4775,6
4776,7
4777,7
4778,6
4779,7
4780,26
4781,28
4782,52
4783,12
4784,13
4785,71
4786,6
4787,6
4788,6
4789,6
4790,6
4791,7
4792,5
4793,5053
4794,8361
4795,2283
4796,15746
4797,3839
4798,11101
4799,25785
4800,1378
4801,2351
4802,3007
4803,7862
4804,22598
4805,3914
4806,676
4807,8441
4808,857
4809,1690
4810,36244
4811,7772
4812,483
4813,21279
4814,2529
4815,5147
4816,1823
4817,1059
4818,27219
4819,5368
4820,462
4821,1519
4822,236
4823,8807
4824,255
4825,404
4826,300
4827,414
4828,362
4829,101
4830,102
4831,433
4832,255
4833,356
4834,278
4835,15039
4836,204
4837,105
4838,190
4839,153
4840,550
4841,283
4842,92
4843,29
4844,25
4845,28
4846,133
4847,22
4848,23
4849,220
4850,20
4851,54
4852,18
4853,18
4854,33
4855,32
4856,15
4857,118
4858,29
4859,23
4860,108
4861,12
4862,37
4863,120
4864,82
4865,9
4866,17
4867,8
4868,10
4869,3492
4870,2784
4871,4905
4872,11195
4873,9018
4874,19467
4875,5977
4876,10309
4877,14847
4878,4051
4879,3365
4880,4065
4881,9522
4882,1549
4883,10123
4884,1406
4885,304
4886,871
4887,2829
4888,597
4889,2055
4890,8689
4891,6061
4892,788
4893,1207
4894,1411
4895,4948
4896,249
4897,696
4898,2151
4899,1030
4900,841
4901,214
4902,756
4903,187
4904,1280
4905,683
4906,366
4907,519
4908,485
4909,1142
4910,459
4911,896
4912,287
4913,230
4914,113
4915,214
4916,290
4917,580
4918,92
4919,453
4920,237
4921,85
4922,82
4923,78
4924,299
4925,158
4926,155
4927,440
4928,144
4929,137
4930,136
4931,68
4932,64
4933,63
4934,119
4935,56
4936,54
4937,55
4938,55
4939,310
4940,95
4941,51
4942,44
4943,42
4944,40
4945,45
4946,41
4947,37
4948,34
4949,35
4950,32
4951,72
4952,71
4953,31
4954,31
4955,32
4956,30
4957,31
4958,30
4959,61
4960,64
4961,127
4962,26
4963,29
4964,26
4965,30
4966,27
4967,28
4968,29
4969,28
4970,25
4971,25
4972,31
4973,25
4974,52
4975,25
4976,23
4977,23
4978,70
4979,22
4980,23
4981,162
4982,46
4983,39
4984,20
4985,22
4986,20
4987,19
4988,20
4989,18
4990,18
4991,124
4992,17
4993,19
4994,65
4995,17
4996,16
4997,36
4998,36
4999,16
5000,16
5001,17
5002,17
5003,15
5004,14
5005,13
5006,42
5007,16
5008,13
5009,15
5010,15
5011,13
5012,11
5013,15
5014,12
5015,14
5016,14
5017,14
5018,12
5019,12
5020,11
5021,13
5022,12
5023,12
5024,25
5025,9
5026,11
5027,10
5028,11196
5029,2387
5030,24206
5031,1150
5032,5449
5033,25088
5034,10117
5035,17076
5036,4983
5037,18025
5038,10388
5039,3094
5040,11983
5041,31691
5042,16374
5043,10280
5044,16380
5045,12733
5046,1902
5047,502
5048,12952
5049,15409
5050,11780
5051,8692
5052,21221
5053,9513
5054,5723
5055,3624
5056,5417
5057,17673
5058,16172
5059,3025
5060,2294
5061,2428
5062,1552
5063,187
5064,11506
5065,1718
5066,13940
5067,512
5068,1608
5069,889
5070,2326
5071,442
5072,673
5073,1583
5074,519
5075,3133
5076,904
5077,221
5078,2639
5079,2157
5080,104
5081,431
5082,1671
5083,84
5084,1854
5085,147
5086,73
5087,69
5088,558
5089,934
5090,250
5091,2317
5092,345
5093,230
5094,63
5095,269
5096,119
5097,887
5098,106
5099,461
5100,606
5101,213
5102,46
5103,48
5104,163
5105,90
5106,127
5107,223
5108,85
5109,40
5110,43
5111,207
5112,150
5113,37
5114,35
5115,34
5116,71
5117,62
5118,187
5119,31
5120,57
5121,63
5122,63
5123,82
5124,54
5125,92
5126,111
5127,28
5128,26
5129,24
5130,5348
5131,689
5132,3806
5133,555
5134,1519
5135,2659
5136,5426
5137,10673
5138,13932
5139,10562
5140,669
5141,24967
5142,8604
5143,3346
5144,2978
5145,11841
5146,11373
5147,28560
5148,6215
5149,4809
5150,900
5151,10235
5152,12329
5153,1558
5154,1143
5155,1133
5156,424
5157,1230
5158,194
5159,383
5160,3798
5161,14675
5162,3149
5163,3687
5164,1449
5165,174
5166,20191
5167,168
5168,746
5169,717
5170,157
5171,8881
5172,151
5173,1791
5174,32033
5175,263
5176,125
5177,5500
5178,1540
5179,1511
5180,418
5181,6427
5182,2516
5183,761
5184,297
5185,572
5186,2458
5187,91
5188,294
5189,5299
5190,151
5191,77
5192,216
5193,371
5194,192
5195,134
5196,183
5197,62
5198,10789
5199,55
5200,58
5201,60
5202,368
5203,305
5204,100
5205,98
5206,496
5207,137
5208,47
5209,1510
5210,727
5211,91
5212,126
5213,43
5214,41
5215,42
5216,41
5217,39
5218,44
5219,225
5220,349
5221,2870
5222,34
5223,36
5224,129
5225,69
5226,70
5227,96
5228,137
5229,1
5230,1506
5231,5303
5232,563
5233,14664
5234,1586
5235,419
5236,2671
5237,6499
5238,545
5239,266
5240,11091
5241,15789
5242,14458
5243,5261
5244,21869
5245,3082
5246,15807
5247,28843
5248,16481
5249,7703
5250,6699
5251,802
5252,4252
5253,2714
5254,10980
5255,2580
5256,8610
5257,10342
5258,41509
5259,13071
5260,10704
5261,389
5262,9134
5263,15581
5264,1675
5265,6550
5266,20690
5267,173
5268,359
5269,883
5270,4182
5271,13435
5272,28110
5273,990
5274,1733
5275,965
5276,2603
5277,1099
5278,4851
5279,472
5280,25138
5281,1130
5282,1577
5283,114
5284,1812
5285,1768
5286,1260
5287,1985
5288,437
5289,289
5290,359
5291,438
5292,100
5293,620
5294,467
5295,173
5296,320
5297,431
5298,82
5299,163
5300,975
5301,77
5302,217
5303,66
5304,134
5305,1918
5306,65
5307,68
5308,72
5309,757
5310,174
5311,59
5312,64
5313,117
5314,163
5315,82
5316,164
5317,51
5318,50
5319,48
5320,54
5321,295
5322,143
5323,99
5324,94
5325,45
5326,51
5327,47
5328,48
5329,48
5330,157
5331,259
5332,152
5333,44
5334,45
5335,643
5336,77
5337,134
5338,287
5339,21551
5340,2495
5341,1122
5342,16579
5343,15331
5344,44756
5345,25392
5346,4257
5347,5044
5348,10474
5349,37136
5350,11943
5351,31657
5352,1449
5353,7649
5354,6509
5355,1274
5356,5935
5357,17564
5358,11503
5359,575
5360,588
5361,83
5362,362
5363,589
5364,146
5365,9106
5366,411
5367,191
5368,1192
5369,441
5370,123
5371,158
5372,107
5373,159
5374,216
5375,84
5376,172
5377,245
5378,233
5379,118
5380,35
5381,619
5382,50
5383,173
5384,23
5385,24
5386,47
5387,22
5388,44
5389,20
5390,35
5391,38
5392,50
5393,16
5394,15
5395,13
5396,14
5397,13
5398,14216
5399,14886
5400,1624
5401,8217
5402,5084
5403,6686
5404,11349
5405,28727
5406,15663
5407,5300
5408,424
5409,5599
5410,4937
5411,3372
5412,8453
5413,22999
5414,8310
5415,16060
5416,5243
5417,15895
5418,1121
5419,26300
5420,123
5421,11915
5422,7564
5423,399
5424,9641
5425,550
5426,19100
5427,17770
5428,455
5429,14122
5430,914
5431,365
5432,9764
5433,9206
5434,178
5435,1311
5436,117
5437,120
5438,406
5439,1529
5440,41
5441,71
5442,967
5443,4903
5444,733
5445,263
5446,64
5447,1981
5448,3253
5449,2273
5450,4101
5451,238
5452,480
5453,5452
5454,7740
5455,2845
5456,4023
5457,17649
5458,30015
5459,10115
5460,21989
5461,24282
5462,2762
5463,15628
5464,3205
5465,6048
5466,11675
5467,181
5468,1060
5469,319
5470,2150
5471,1635
5472,575
5473,260
5474,839
5475,2082
5476,450
5477,976
5478,945
5479,9079
5480,217
5481,539
5482,102
5483,2847
5484,2972
5485,2453
5486,1164
5487,808
5488,463
5489,873
5490,311
5491,136
5492,135
5493,68
5494,64
5495,212
5496,86
5497,158
5498,83
5499,273
5500,109
5501,108
5502,76
5503,72
5504,38
5505,37
5506,71
5507,246
5508,67
5509,36
5510,159
5511,214
5512,62
5513,77
5514,50
5515,55
5516,28
5517,28
5518,26
5519,159
5520,167
5521,24
5522,24
5523,65
5524,19
5525,19
5526,87
5527,17
5528,18
5529,17
5530,337
5531,77
5532,550
5533,19
5534,32
5535,37
5536,76
5537,57
5538,8647
5539,4130
5540,11124
5541,13232
5542,5005
5543,6274
5544,7676
5545,12310
5546,6492
5547,12003
5548,30891
5549,5075
5550,14990
5551,6697
5552,4249
5553,19763
5554,2798
5555,6337
5556,17779
5557,145
5558,1255
5559,595
5560,20995
5561,787
5562,2468
5563,854
5564,812
5565,1508
5566,6232
5567,16756
5568,500
5569,14092
5570,7713
5571,1423
5572,357
5573,325
5574,5668
5575,976
5576,134
5577,6378
5578,427
5579,61
5580,60
5581,547
5582,93
5583,83
5584,43
5585,39
5586,298
5587,81
5588,74
5589,33
5590,34
5591,66
5592,579
5593,658
5594,200
5595,54
5596,55
5597,29
5598,25
5599,70
5600,23
5601,23
5602,22
5603,68
5604,48
5605,63
5606,145
5607,54
5608,56
5609,37
5610,98
5611,17477
5612,1425
5613,11469
5614,695
5615,3478
5616,6566
5617,9165
5618,12006
5619,10176
5620,4693
5621,2461
5622,2373
5623,8029
5624,10075
5625,1658
5626,237
5627,2814
5628,14410
5629,5434
5630,1961
5631,3755
5632,10056
5633,18260
5634,6128
5635,589
5636,1479
5637,372
5638,10894
5639,8069
5640,168
5641,322
5642,1251
5643,654
5644,282
5645,1332
5646,137
5647,1023
5648,330
5649,325
5650,227
5651,891
5652,729
5653,507
5654,95
5655,344
5656,94
5657,594
5658,174
5659,84
5660,86
5661,159
5662,61
5663,206
5664,112
5665,238
5666,692
5667,48
5668,204
5669,163
5670,127
5671,193
5672,38
5673,115
5674,136
5675,371
5676,36
5677,33
5678,36
5679,65
5680,59
5681,26
5682,26
5683,30
5684,26
5685,24
5686,71
5687,20
5688,20
5689,20
5690,17
5691,19
5692,19
5693,35
5694,86
5695,17
5696,17
5697,18
5698,17
5699,18
5700,17
5701,36
5702,17
5703,15
5704,29
5705,29
5706,6491
5707,3579
5708,6599
5709,18761
5710,11419
5711,20184
5712,28097
5713,9408
5714,3447
5715,21807
5716,17699
5717,6876
5718,3408
5719,1515
5720,5831
5721,11360
5722,10303
5723,8862
5724,23435
5725,601
5726,11309
5727,2053
5728,969
5729,21328
5730,7043
5731,662
5732,4654
5733,5257
5734,677
5735,16751
5736,738
5737,276
5738,706
5739,525
5740,519
5741,20595
5742,4135
5743,5604
5744,158
5745,945
5746,1974
5747,427
5748,64
5749,170
5750,621
5751,867
5752,403
5753,195
5754,149
5755,620
5756,191
5757,808
5758,218
5759,92
5760,135
5761,46
5762,48
5763,47
5764,169
5765,86
5766,382
5767,157
5768,279
5769,113
5770,75
5771,36
5772,34
5773,276
5774,181
5775,400
5776,161
5777,27
5778,31
5779,27
5780,25
5781,49
5782,23
5783,70
5784,20
5785,48
5786,19977
5787,55268
5788,4339
5789,4982
5790,35020
5791,9109
5792,9461
5793,4312
5794,1085
5795,14288
5796,5370
5797,2371
5798,648
5799,654
5800,76
5801,2028
5802,390
5803,249
5804,98
5805,483
5806,175
5807,345
5808,232
5809,65
5810,55
5811,75
5812,20
5813,37
5814,214
5815,35
5816,96
5817,31
5818,3848
5819,22078
5820,4428
5821,3225
5822,14054
5823,9668
5824,3182
5825,7382
5826,4832
5827,8091
5828,6680
5829,8890
5830,11973
5831,8931
5832,5223
5833,1932
5834,3840
5835,8921
5836,1023
5837,7173
5838,5799
5839,978
5840,1146
5841,1546
5842,2716
5843,10309
5844,5616
5845,8604
5846,1316
5847,612
5848,18328
5849,3576
5850,29907
5851,834
5852,9560
5853,1118
5854,611
5855,602
5856,719
5857,7751
5858,151
5859,1497
5860,429
5861,289
5862,14191
5863,265
5864,1379
5865,375
5866,128
5867,665
5868,451
5869,418
5870,313
5871,650
5872,195
5873,266
5874,84
5875,90
5876,84
5877,429
5878,161
5879,417
5880,79
5881,505
5882,198
5883,340
5884,479
5885,222
5886,208
5887,157
5888,52
5889,705
5890,124
5891,85
5892,42
5893,41
5894,41
5895,42
5896,80
5897,118
5898,73
5899,37
5900,34
5901,41
5902,37
5903,30
5904,32
5905,31
5906,32
5907,34
5908,88
5909,197
5910,56
5911,57
5912,25
5913,26
5914,7237
5915,5730
5916,8724
5917,4505
5918,4957
5919,2521
5920,3014
5921,3692
5922,8364
5923,7913
5924,5054
5925,1645
5926,7473
5927,8962
5928,3894
5929,595
5930,4937
5931,14659
5932,13101
5933,15635
5934,13450
5935,11785
5936,20945
5937,16306
5938,15021
5939,1354
5940,19856
5941,4054
5942,18246
5943,16396
5944,889
5945,14459
5946,7720
5947,627
5948,12963
5949,2710
5950,12016
5951,4460
5952,16004
5953,2079
5954,17710
5955,71
5956,68
5957,63
5958,3035
5959,431
5960,22844
5961,335
5962,329
5963,186
5964,180
5965,817
5966,28119
5967,216
5968,1057
5969,2043
5970,296
5971,695
5972,195
5973,229
5974,228
5975,627
5976,718
5977,1290
5978,148
5979,96
5980,42
5981,328
5982,706
5983,152
5984,39
5985,6732
5986,1132
5987,4937
5988,1572
5989,10425
5990,2727
5991,20066
5992,22549
5993,2626
5994,1739
5995,8499
5996,31285
5997,35503
5998,14068
5999,7603
6000,45544
6001,12853
6002,7265
6003,18741
6004,641
6005,6489
6006,10180
6007,13876
6008,8079
6009,19458
6010,20115
6011,7083
6012,10386
6013,203
6014,6900
6015,1387
6016,367
6017,3700
6018,1839
6019,102
6020,8729
6021,91
6022,178
6023,394
6024,1322
6025,1488
6026,33076
6027,1037
6028,357
6029,224
6030,638
6031,1935
6032,75
6033,617
6034,273
6035,1011
6036,1755
6037,5596
6038,582
6039,71
6040,2282
6041,65
6042,128
6043,276
6044,117
6045,188
6046,999
6047,140
6048,95
6049,560
6050,48
6051,164
6052,130
6053,252
6054,616
6055,41
6056,44
6057,40
6058,40
6059,110
6060,169
6061,109
6062,39
6063,38
6064,37
6065,37
6066,36
6067,298
6068,213
6069,65
6070,114
6071,1064
6072,297
6073,105
6074,99
6075,52
6076,208
6077,27
6078,26
6079,27
6080,29
6081,404
6082,73
6083,72
6084,199
6085,199
6086,24
6087,1637
6088,30630
6089,28431
6090,2887
6091,2567
6092,17812
6093,73868
6094,25888
6095,9258
6096,907
6097,65778
6098,42611
6099,50788
6100,13614
6101,25639
6102,12371
6103,20748
6104,52296
6105,4387
6106,28704
6107,4031
6108,8897
6109,6974
6110,80392
6111,19033
6112,16415
6113,68828
6114,24831
6115,2332
6116,1263
6117,13985
6118,3607
6119,6141
6120,759
6121,4218
6122,10339
6123,32144
6124,1220
6125,1574
6126,636
6127,11997
6128,642
6129,14618
6130,8347
6131,11299
6132,156
6133,1108
6134,9421
6135,1992
6136,971
6137,258
6138,976
6139,131
6140,491
6141,1963
6142,181
6143,326
6144,931
6145,416
6146,273
6147,224
6148,1133
6149,170
6150,125
6151,679
6152,1093
6153,648
6154,1199
6155,340
6156,591
6157,90
6158,498
6159,84
6160,367
6161,42
6162,229
6163,1874
6164,490
6165,37
6166,33
6167,40
6168,99
6169,137
6170,280
6171,534
6172,194
6173,117
6174,30
6175,89
6176,66
6177,142
6178,24
6179,30
6180,25
6181,171
6182,5366
6183,849
6184,8628
6185,14040
6186,28835
6187,9093
6188,18531
6189,151
6190,3407
6191,61546
6192,27210
6193,10611
6194,23406
6195,15080
6196,29202
6197,34759
6198,25489
6199,15268
6200,4784
6201,11010
6202,3837
6203,13165
6204,2057
6205,8441
6206,5650
6207,757
6208,9588
6209,4260
6210,1667
6211,7863
6212,2871
6213,324
6214,976
6215,479
6216,260
6217,2909
6218,110
6219,382
6220,1306
6221,176
6222,4047
6223,653
6224,40
6225,243
6226,3018
6227,230
6228,1995
6229,91
6230,95
6231,69
6232,61
6233,376
6234,577
6235,211
6236,10378
6237,9034
6238,9090
6239,5560
6240,5712
6241,4805
6242,2084
6243,9946
6244,7448
6245,15310
6246,9270
6247,27935
6248,7997
6249,876
6250,13600
6251,1212
6252,11913
6253,6191
6254,14567
6255,19630
6256,3771
6257,8041
6258,20408
6259,1677
6260,2017
6261,6239
6262,1577
6263,721
6264,3000
6265,547
6266,1442
6267,841
6268,1103
6269,1694
6270,645
6271,169
6272,1776
6273,3564
6274,564
6275,146
6276,1254
6277,4111
6278,138
6279,1186
6280,1403
6281,634
6282,116
6283,414
6284,112
6285,1218
6286,452
6287,601
6288,1398
6289,690
6290,309
6291,309
6292,85
6293,401
6294,155
6295,283
6296,276
6297,71
6298,911
6299,334
6300,132
6301,61
6302,114
6303,205
6304,426
6305,310
6306,49
6307,54
6308,51
6309,326
6310,256
6311,197
6312,87
6313,39
6314,44
6315,38
6316,36
6317,103
6318,133
6319,98
6320,62
6321,208
6322,141
6323,32
6324,34
6325,31
6326,30
6327,57
6328,28
6329,27
6330,28
6331,31
6332,23
6333,25
6334,24
6335,22
6336,23
6337,589
6338,19341
6339,9993
6340,9087
6341,19911
6342,16630
6343,7000
6344,8419
6345,6137
6346,24550
6347,35819
6348,8465
6349,24743
6350,7079
6351,8667
6352,9276
6353,52231
6354,10216
6355,8173
6356,5301
6357,20768
6358,4798
6359,6071
6360,769
6361,3870
6362,9326
6363,96
6364,4097
6365,2210
6366,3698
6367,3596
6368,1242
6369,3673
6370,913
6371,518
6372,605
6373,4673
6374,1558
6375,386
6376,1136
6377,1067
6378,1024
6379,278
6380,1645
6381,506
6382,2154
6383,790
6384,186
6385,1104
6386,314
6387,209
6388,332
6389,127
6390,551
6391,1074
6392,573
6393,388
6394,551
6395,139
6396,417
6397,527
6398,209
6399,906
6400,146
6401,140
6402,387
6403,236
6404,63
6405,2444
6406,82
6407,76
6408,192
6409,1287
6410,137
6411,259
6412,12022
6413,1309
6414,5418
6415,1044
6416,1433
6417,835
6418,3872
6419,1561
6420,5767
6421,7592
6422,16369
6423,5101
6424,3241
6425,11822
6426,420
6427,3962
6428,9090
6429,8183
6430,17953
6431,15529
6432,1419
6433,3055
6434,547
6435,3378
6436,856
6437,2201
6438,24096
6439,1655
6440,787
6441,284
6442,3125
6443,6478
6444,12348
6445,4575
6446,1381
6447,130
6448,64
6449,604
6450,969
6451,257
6452,324
6453,1747
6454,410
6455,102
6456,101
6457,1541
6458,94
6459,1829
6460,132
6461,363
6462,758
6463,264
6464,157
6465,86
6466,40
6467,39
6468,477
6469,78
6470,77
6471,37
6472,106
6473,179
6474,477
6475,95
6476,149
6477,29
6478,30
6479,665
6480,296
6481,174
6482,322
6483,55
6484,371
6485,27
6486,25
6487,26
6488,28
6489,24
6490,89
6491,23
6492,45
6493,123
6494,218
6495,53
6496,3059
6497,26798
6498,9008
6499,13871
6500,42571
6501,6011
6502,2659
6503,10517
6504,22807
6505,2621
6506,2541
6507,2185
6508,5033
6509,6890
6510,2689
6511,1079
6512,4480
6513,1553
6514,523
6515,1790
6516,11197
6517,1390
6518,989
6519,940
6520,277
6521,555
6522,262
6523,742
6524,180
6525,12072
6526,1387
6527,465
6528,917
6529,445
6530,380
6531,213
6532,199
6533,1519
6534,282
6535,203
6536,203
6537,711
6538,237
6539,176
6540,70
6541,74
6542,428
6543,93
6544,66
6545,30
6546,153
6547,292
6548,47
6549,45
6550,22
6551,229
6552,22
6553,19
6554,21
6555,77
6556,46
6557,43
6558,17
6559,18
6560,19
6561,1500
6562,17
6563,17
6564,15
6565,14
6566,174
6567,16
6568,2735
6569,8878
6570,2085
6571,15808
6572,17917
6573,8613
6574,6949
6575,14380
6576,19524
6577,21099
6578,7537
6579,30018
6580,12592
6581,2198
6582,7199
6583,16341
6584,527
6585,2554
6586,20211
6587,16306
6588,6805
6589,2016
6590,2098
6591,15102
6592,1026
6593,910
6594,1848
6595,916
6596,1296
6597,5485
6598,374
6599,1950
6600,3191
6601,1958
6602,647
6603,1093
6604,120
6605,12784
6606,5218
6607,116
6608,212
6609,1467
6610,205
6611,91
6612,1507
6613,1695
6614,491
6615,1294
6616,402
6617,79
6618,732
6619,1339
6620,448
6621,374
6622,65
6623,61
6624,229
6625,990
6626,460
6627,110
6628,49
6629,53
6630,263
6631,98
6632,732
6633,286
6634,374
6635,49
6636,488
6637,93
6638,440
6639,44
6640,84
6641,77
6642,271
6643,38
6644,75
6645,438
6646,35
6647,34
6648,57
6649,26
6650,28
6651,24
6652,26
6653,76
6654,24
6655,24
6656,53
6657,106
6658,702
6659,10706
6660,1333
6661,2330
6662,6591
6663,5830
6664,4319
6665,4266
6666,5330
6667,2190
6668,4694
6669,2167
6670,1420
6671,1443
6672,1685
6673,4731
6674,3088
6675,3723
6676,1009
6677,343
6678,396
6679,1245
6680,544
6681,822
6682,7273
6683,278
6684,678
6685,807
6686,396
6687,626
6688,101
6689,330
6690,1772
6691,394
6692,161
6693,218
6694,865
6695,638
6696,207
6697,465
6698,1189
6699,148
6700,63
6701,224
6702,219
6703,457
6704,110
6705,386
6706,27
6707,148
6708,86
6709,22
6710,78
6711,64
6712,150
6713,76
6714,61
6715,17
6716,19
6717,126
6718,17
6719,261
6720,77
6721,17
6722,17
6723,162
6724,64
6725,181
6726,16
6727,15
6728,41
6729,45
6730,13
6731,52
6732,13
6733,13
6734,88
6735,46
6736,11
6737,60
6738,24
6739,90
6740,11
6741,11
6742,34
6743,43
6744,100
6745,22
6746,903
6747,1202
6748,2063
6749,7128
6750,46265
6751,8424
6752,59215
6753,9869
6754,12708
6755,26649
6756,31317
6757,12499
6758,11578
6759,18821
6760,8767
6761,16167
6762,4302
6763,818
6764,25504
6765,9677
6766,1746
6767,10865
6768,13698
6769,9573
6770,8437
6771,17825
6772,9073
6773,11608
6774,2086
6775,7154
6776,8681
6777,3503
6778,193
6779,574
6780,11090
6781,1914
6782,527
6783,378
6784,303
6785,1331
6786,696
6787,206
6788,861
6789,66
6790,748
6791,1395
6792,3869
6793,400
6794,99
6795,319
6796,47
6797,917
6798,126
6799,2700
6800,157
6801,151
6802,599
6803,112
6804,171
6805,223
6806,444
6807,185
6808,192
6809,38
6810,405
6811,340
6812,205
6813,352
6814,54
6815,389
6816,550
6817,115
6818,26
6819,26
6820,50
6821,90
6822,171
6823,20
6824,43
6825,50
6826,22
6827,148
6828,880
6829,16274
6830,8341
6831,15689
6832,5080
6833,6798
6834,37509
6835,26419
6836,16049
6837,643
6838,9835
6839,1923
6840,5481
6841,1456
6842,444
6843,958
6844,712
6845,4285
6846,42
6847,109
6848,455
6849,105
6850,238
6851,166
6852,54
6853,19
6854,139
6855,39
6856,14
6857,97
6858,34
6859,19
6860,19
6861,27
6862,32
6863,23
6864,9
6865,5
6866,13
6867,53
6868,16
6869,2551
6870,22855
6871,26993
6872,4926
6873,28141
6874,15152
6875,46524
6876,4501
6877,1914
6878,978
6879,1587
6880,6867
6881,3691
6882,215
6883,699
6884,2251
6885,553
6886,8060
6887,19914
6888,3405
6889,49
6890,260
6891,2492
6892,454
6893,31
6894,321
6895,62
6896,1356
6897,22
6898,156
6899,20
6900,217
6901,34
6902,16
6903,78
6904,14
6905,145
6906,21
6907,26
6908,11
6909,35
6910,60
6911,5993
6912,18415
6913,20701
6914,13011
6915,8369
6916,7287
6917,2352
6918,16340
6919,10940
6920,22207
6921,268
6922,2621
6923,1860
6924,12534
6925,4518
6926,2219
6927,1958
6928,8416
6929,12317
6930,2088
6931,963
6932,2143
6933,8044
6934,163
6935,1290
6936,3761
6937,815
6938,995
6939,458
6940,236
6941,787
6942,291
6943,258
6944,956
6945,1435
6946,281
6947,278
6948,68
6949,131
6950,186
6951,180
6952,264
6953,346
6954,107
6955,152
6956,235
6957,456
6958,163
6959,89
6960,383
6961,44
6962,47
6963,168
6964,137
6965,34
6966,30
6967,29
6968,33
6969,86
6970,81
6971,137
6972,98
6973,75
6974,24
6975,120
6976,21
6977,23
6978,21
6979,20
6980,59
6981,193
6982,17
6983,15
6984,14
6985,14
6986,30
6987,13
6988,13
6989,11
6990,12
6991,24
6992,27
6993,12
6994,10
6995,12
6996,10
6997,10
6998,10
6999,694
7000,6043
7001,450
7002,2836
7003,2135
7004,10911
7005,4875
7006,3320
7007,20552
7008,14234
7009,6561
7010,12143
7011,6287
7012,57203
7013,1531
7014,20183
7015,11115
7016,26794
7017,11868
7018,23866
7019,4712
7020,10496
7021,2840
7022,15788
7023,11134
7024,4792
7025,28082
7026,23297
7027,20191
7028,3771
7029,8889
7030,9977
7031,12374
7032,1699
7033,5894
7034,1432
7035,6297
7036,24247
7037,4121
7038,3368
7039,5804
7040,2484
7041,15700
7042,20394
7043,11561
7044,4225
7045,162
7046,17245
7047,310
7048,2516
7049,26873
7050,4303
7051,26631
7052,10785
7053,2422
7054,289
7055,4764
7056,516
7057,1046
7058,11885
7059,1510
7060,4979
7061,8661
7062,889
7063,1059
7064,2683
7065,15910
7066,1383
7067,12173
7068,3436
7069,624
7070,1229
7071,115
7072,239
7073,8653
7074,1584
7075,416
7076,115
7077,497
7078,23168
7079,220
7080,487
7081,962
7082,307
7083,6677
7084,3114
7085,476
7086,873
7087,3501
7088,1798
7089,679
7090,2170
7091,285
7092,514
7093,197
7094,97
7095,511
7096,722
7097,503
7098,191
7099,186
7100,190
7101,1049
7102,3646
7103,187
7104,1599
7105,94
7106,684
7107,872
7108,9244
7109,2138
7110,505
7111,565
7112,309
7113,609
7114,85
7115,9407
7116,3036
7117,1589
7118,159
7119,348
7120,154
7121,77
7122,79
7123,282
7124,150
7125,150
7126,152
7127,1546
7128,1833
7129,70
7130,74
7131,322
7132,468
7133,357
7134,305
7135,299
7136,71
7137,238
7138,232
7139,467
7140,3112
7141,2949
7142,1087
7143,12607
7144,10355
7145,4568
7146,19215
7147,6393
7148,5308
7149,19319
7150,3043
7151,32833
7152,13020
7153,8011
7154,531
7155,7490
7156,17465
7157,15836
7158,33470
7159,6062
7160,2768
7161,1747
7162,10499
7163,118
7164,428
7165,3958
7166,14732
7167,857
7168,10291
7169,910
7170,2891
7171,1747
7172,833
7173,558
7174,348
7175,280
7176,739
7177,2028
7178,127
7179,223
7180,210
7181,503
7182,287
7183,1483
7184,103
7185,48
7186,186
7187,120
7188,435
7189,84
7190,79
7191,165
7192,592
7193,35
7194,561
7195,183
7196,263
7197,166
7198,31
7199,135
7200,111
7201,121
7202,29
7203,28
